Type	URI	Status
Manifest	http://dams.llgc.org.uk/iiif/2.0/4064120/manifest.json	200
Info.json	http://dams.llgc.org.uk/iiif/2.0/image/4064121/info.json	200
Thumbnail	http://dams.llgc.org.uk/iiif/2.0/image/4064121/full/100,/0/native.jpg	200
Tile	http://dams.llgc.org.uk/iiif/2.0/image/4064121/0,0,100,100/100,/0/native.jpg	200
Info.json	http://dams.llgc.org.uk/iiif/2.0/image/4064122/info.json	200
Thumbnail	http://dams.llgc.org.uk/iiif/2.0/image/4064122/full/100,/0/native.jpg	200
Tile	http://dams.llgc.org.uk/iiif/2.0/image/4064122/0,0,100,100/100,/0/native.jpg	200
Info.json	http://dams.llgc.org.uk/iiif/2.0/image/4064123/info.json	200
Thumbnail	http://dams.llgc.org.uk/iiif/2.0/image/4064123/full/100,/0/native.jpg	200
Tile	http://dams.llgc.org.uk/iiif/2.0/image/4064123/0,0,100,100/100,/0/native.jpg	200
Info.json	http://dams.llgc.org.uk/iiif/2.0/image/4064124/info.json	200
Thumbnail	http://dams.llgc.org.uk/iiif/2.0/image/4064124/full/100,/0/native.jpg	200
Tile	http://dams.llgc.org.uk/iiif/2.0/image/4064124/0,0,100,100/100,/0/native.jpg	200
Info.json	http://dams.llgc.org.uk/iiif/2.0/image/4064125/info.json	200
Thumbnail	http://dams.llgc.org.uk/iiif/2.0/image/4064125/full/100,/0/native.jpg	200
Tile	http://dams.llgc.org.uk/iiif/2.0/image/4064125/0,0,100,100/100,/0/native.jpg	200
Info.json	http://dams.llgc.org.uk/iiif/2.0/image/4064126/info.json	200
Thumbnail	http://dams.llgc.org.uk/iiif/2.0/image/4064126/full/100,/0/native.jpg	200
Tile	http://dams.llgc.org.uk/iiif/2.0/image/4064126/0,0,100,100/100,/0/native.jpg	200
Info.json	http://dams.llgc.org.uk/iiif/2.0/image/4064127/info.json	200
Thumbnail	http://dams.llgc.org.uk/iiif/2.0/image/4064127/full/100,/0/native.jpg	200
Tile	http://dams.llgc.org.uk/iiif/2.0/image/4064127/0,0,100,100/100,/0/native.jpg	200
Info.json	http://dams.llgc.org.uk/iiif/2.0/image/4064128/info.json	200
Thumbnail	http://dams.llgc.org.uk/iiif/2.0/image/4064128/full/100,/0/native.jpg	200
Tile	http://dams.llgc.org.uk/iiif/2.0/image/4064128/0,0,100,100/100,/0/native.jpg	200
Info.json	http://dams.llgc.org.uk/iiif/2.0/image/4064129/info.json	200
Thumbnail	http://dams.llgc.org.uk/iiif/2.0/image/4064129/full/100,/0/native.jpg	200
Tile	http://dams.llgc.org.uk/iiif/2.0/image/4064129/0,0,100,100/100,/0/native.jpg	200
Info.json	http://dams.llgc.org.uk/iiif/2.0/image/4064130/info.json	200
Thumbnail	http://dams.llgc.org.uk/iiif/2.0/image/4064130/full/100,/0/native.jpg	200
Tile	http://dams.llgc.org.uk/iiif/2.0/image/4064130/0,0,100,100/100,/0/native.jpg	200
Info.json	http://dams.llgc.org.uk/iiif/2.0/image/4064131/info.json	200
Thumbnail	http://dams.llgc.org.uk/iiif/2.0/image/4064131/full/100,/0/native.jpg	200
Tile	http://dams.llgc.org.uk/iiif/2.0/image/4064131/0,0,100,100/100,/0/native.jpg	200
Info.json	http://dams.llgc.org.uk/iiif/2.0/image/4064132/info.json	200
Thumbnail	http://dams.llgc.org.uk/iiif/2.0/image/4064132/full/100,/0/native.jpg	200
Tile	http://dams.llgc.org.uk/iiif/2.0/image/4064132/0,0,100,100/100,/0/native.jpg	200
Info.json	http://dams.llgc.org.uk/iiif/2.0/image/4064133/info.json	200
Thumbnail	http://dams.llgc.org.uk/iiif/2.0/image/4064133/full/100,/0/native.jpg	200
Tile	http://dams.llgc.org.uk/iiif/2.0/image/4064133/0,0,100,100/100,/0/native.jpg	200
Info.json	http://dams.llgc.org.uk/iiif/2.0/image/4064134/info.json	200
Thumbnail	http://dams.llgc.org.uk/iiif/2.0/image/4064134/full/100,/0/native.jpg	200
Tile	http://dams.llgc.org.uk/iiif/2.0/image/4064134/0,0,100,100/100,/0/native.jpg	200
Info.json	http://dams.llgc.org.uk/iiif/2.0/image/4064135/info.json	200
Thumbnail	http://dams.llgc.org.uk/iiif/2.0/image/4064135/full/100,/0/native.jpg	200
Tile	http://dams.llgc.org.uk/iiif/2.0/image/4064135/0,0,100,100/100,/0/native.jpg	200
Info.json	http://dams.llgc.org.uk/iiif/2.0/image/4064136/info.json	200
Thumbnail	http://dams.llgc.org.uk/iiif/2.0/image/4064136/full/100,/0/native.jpg	200
Tile	http://dams.llgc.org.uk/iiif/2.0/image/4064136/0,0,100,100/100,/0/native.jpg	200
Info.json	http://dams.llgc.org.uk/iiif/2.0/image/4064137/info.json	200
Thumbnail	http://dams.llgc.org.uk/iiif/2.0/image/4064137/full/100,/0/native.jpg	200
Tile	http://dams.llgc.org.uk/iiif/2.0/image/4064137/0,0,100,100/100,/0/native.jpg	200
Info.json	http://dams.llgc.org.uk/iiif/2.0/image/4064138/info.json	200
Thumbnail	http://dams.llgc.org.uk/iiif/2.0/image/4064138/full/100,/0/native.jpg	200
Tile	http://dams.llgc.org.uk/iiif/2.0/image/4064138/0,0,100,100/100,/0/native.jpg	200
Info.json	http://dams.llgc.org.uk/iiif/2.0/image/4064139/info.json	200
Thumbnail	http://dams.llgc.org.uk/iiif/2.0/image/4064139/full/100,/0/native.jpg	200
Tile	http://dams.llgc.org.uk/iiif/2.0/image/4064139/0,0,100,100/100,/0/native.jpg	200
Info.json	http://dams.llgc.org.uk/iiif/2.0/image/4064140/info.json	200
Thumbnail	http://dams.llgc.org.uk/iiif/2.0/image/4064140/full/100,/0/native.jpg	200
Tile	http://dams.llgc.org.uk/iiif/2.0/image/4064140/0,0,100,100/100,/0/native.jpg	200
Info.json	http://dams.llgc.org.uk/iiif/2.0/image/4064141/info.json	200
Thumbnail	http://dams.llgc.org.uk/iiif/2.0/image/4064141/full/100,/0/native.jpg	200
Tile	http://dams.llgc.org.uk/iiif/2.0/image/4064141/0,0,100,100/100,/0/native.jpg	200
Info.json	http://dams.llgc.org.uk/iiif/2.0/image/4064142/info.json	200
Thumbnail	http://dams.llgc.org.uk/iiif/2.0/image/4064142/full/100,/0/native.jpg	200
Tile	http://dams.llgc.org.uk/iiif/2.0/image/4064142/0,0,100,100/100,/0/native.jpg	200
Info.json	http://dams.llgc.org.uk/iiif/2.0/image/4064143/info.json	200
Thumbnail	http://dams.llgc.org.uk/iiif/2.0/image/4064143/full/100,/0/native.jpg	200
Tile	http://dams.llgc.org.uk/iiif/2.0/image/4064143/0,0,100,100/100,/0/native.jpg	200
Info.json	http://dams.llgc.org.uk/iiif/2.0/image/4064144/info.json	200
Thumbnail	http://dams.llgc.org.uk/iiif/2.0/image/4064144/full/100,/0/native.jpg	200
Tile	http://dams.llgc.org.uk/iiif/2.0/image/4064144/0,0,100,100/100,/0/native.jpg	200
Info.json	http://dams.llgc.org.uk/iiif/2.0/image/4064145/info.json	200
Thumbnail	http://dams.llgc.org.uk/iiif/2.0/image/4064145/full/100,/0/native.jpg	200
Tile	http://dams.llgc.org.uk/iiif/2.0/image/4064145/0,0,100,100/100,/0/native.jpg	200
Info.json	http://dams.llgc.org.uk/iiif/2.0/image/4064146/info.json	200
Thumbnail	http://dams.llgc.org.uk/iiif/2.0/image/4064146/full/100,/0/native.jpg	200
Tile	http://dams.llgc.org.uk/iiif/2.0/image/4064146/0,0,100,100/100,/0/native.jpg	200
Info.json	http://dams.llgc.org.uk/iiif/2.0/image/4064147/info.json	200
Thumbnail	http://dams.llgc.org.uk/iiif/2.0/image/4064147/full/100,/0/native.jpg	200
Tile	http://dams.llgc.org.uk/iiif/2.0/image/4064147/0,0,100,100/100,/0/native.jpg	200
Info.json	http://dams.llgc.org.uk/iiif/2.0/image/4064148/info.json	200
Thumbnail	http://dams.llgc.org.uk/iiif/2.0/image/4064148/full/100,/0/native.jpg	200
Tile	http://dams.llgc.org.uk/iiif/2.0/image/4064148/0,0,100,100/100,/0/native.jpg	200
Info.json	http://dams.llgc.org.uk/iiif/2.0/image/4064149/info.json	200
Thumbnail	http://dams.llgc.org.uk/iiif/2.0/image/4064149/full/100,/0/native.jpg	200
Tile	http://dams.llgc.org.uk/iiif/2.0/image/4064149/0,0,100,100/100,/0/native.jpg	200
Info.json	http://dams.llgc.org.uk/iiif/2.0/image/4064150/info.json	200
Thumbnail	http://dams.llgc.org.uk/iiif/2.0/image/4064150/full/100,/0/native.jpg	200
Tile	http://dams.llgc.org.uk/iiif/2.0/image/4064150/0,0,100,100/100,/0/native.jpg	200
Info.json	http://dams.llgc.org.uk/iiif/2.0/image/4064151/info.json	200
Thumbnail	http://dams.llgc.org.uk/iiif/2.0/image/4064151/full/100,/0/native.jpg	200
Tile	http://dams.llgc.org.uk/iiif/2.0/image/4064151/0,0,100,100/100,/0/native.jpg	200
Info.json	http://dams.llgc.org.uk/iiif/2.0/image/4064152/info.json	200
Thumbnail	http://dams.llgc.org.uk/iiif/2.0/image/4064152/full/100,/0/native.jpg	200
Tile	http://dams.llgc.org.uk/iiif/2.0/image/4064152/0,0,100,100/100,/0/native.jpg	200
Info.json	http://dams.llgc.org.uk/iiif/2.0/image/4064153/info.json	200
Thumbnail	http://dams.llgc.org.uk/iiif/2.0/image/4064153/full/100,/0/native.jpg	200
Tile	http://dams.llgc.org.uk/iiif/2.0/image/4064153/0,0,100,100/100,/0/native.jpg	200
Info.json	http://dams.llgc.org.uk/iiif/2.0/image/4064154/info.json	200
Thumbnail	http://dams.llgc.org.uk/iiif/2.0/image/4064154/full/100,/0/native.jpg	200
Tile	http://dams.llgc.org.uk/iiif/2.0/image/4064154/0,0,100,100/100,/0/native.jpg	200
Info.json	http://dams.llgc.org.uk/iiif/2.0/image/4064155/info.json	200
Thumbnail	http://dams.llgc.org.uk/iiif/2.0/image/4064155/full/100,/0/native.jpg	200
Tile	http://dams.llgc.org.uk/iiif/2.0/image/4064155/0,0,100,100/100,/0/native.jpg	200
Info.json	http://dams.llgc.org.uk/iiif/2.0/image/4064156/info.json	200
Thumbnail	http://dams.llgc.org.uk/iiif/2.0/image/4064156/full/100,/0/native.jpg	200
Tile	http://dams.llgc.org.uk/iiif/2.0/image/4064156/0,0,100,100/100,/0/native.jpg	200
Info.json	http://dams.llgc.org.uk/iiif/2.0/image/4064157/info.json	200
Thumbnail	http://dams.llgc.org.uk/iiif/2.0/image/4064157/full/100,/0/native.jpg	200
Tile	http://dams.llgc.org.uk/iiif/2.0/image/4064157/0,0,100,100/100,/0/native.jpg	200
Info.json	http://dams.llgc.org.uk/iiif/2.0/image/4064158/info.json	200
Thumbnail	http://dams.llgc.org.uk/iiif/2.0/image/4064158/full/100,/0/native.jpg	200
Tile	http://dams.llgc.org.uk/iiif/2.0/image/4064158/0,0,100,100/100,/0/native.jpg	200
Info.json	http://dams.llgc.org.uk/iiif/2.0/image/4064159/info.json	200
Thumbnail	http://dams.llgc.org.uk/iiif/2.0/image/4064159/full/100,/0/native.jpg	200
Tile	http://dams.llgc.org.uk/iiif/2.0/image/4064159/0,0,100,100/100,/0/native.jpg	200
Info.json	http://dams.llgc.org.uk/iiif/2.0/image/4064160/info.json	200
Thumbnail	http://dams.llgc.org.uk/iiif/2.0/image/4064160/full/100,/0/native.jpg	200
Tile	http://dams.llgc.org.uk/iiif/2.0/image/4064160/0,0,100,100/100,/0/native.jpg	200
Info.json	http://dams.llgc.org.uk/iiif/2.0/image/4064161/info.json	200
Thumbnail	http://dams.llgc.org.uk/iiif/2.0/image/4064161/full/100,/0/native.jpg	200
Tile	http://dams.llgc.org.uk/iiif/2.0/image/4064161/0,0,100,100/100,/0/native.jpg	200
Info.json	http://dams.llgc.org.uk/iiif/2.0/image/4064162/info.json	200
Thumbnail	http://dams.llgc.org.uk/iiif/2.0/image/4064162/full/100,/0/native.jpg	200
Tile	http://dams.llgc.org.uk/iiif/2.0/image/4064162/0,0,100,100/100,/0/native.jpg	200
Info.json	http://dams.llgc.org.uk/iiif/2.0/image/4064163/info.json	200
Thumbnail	http://dams.llgc.org.uk/iiif/2.0/image/4064163/full/100,/0/native.jpg	200
Tile	http://dams.llgc.org.uk/iiif/2.0/image/4064163/0,0,100,100/100,/0/native.jpg	200
Info.json	http://dams.llgc.org.uk/iiif/2.0/image/4064164/info.json	200
Thumbnail	http://dams.llgc.org.uk/iiif/2.0/image/4064164/full/100,/0/native.jpg	200
Tile	http://dams.llgc.org.uk/iiif/2.0/image/4064164/0,0,100,100/100,/0/native.jpg	200
Info.json	http://dams.llgc.org.uk/iiif/2.0/image/4064165/info.json	200
Thumbnail	http://dams.llgc.org.uk/iiif/2.0/image/4064165/full/100,/0/native.jpg	200
Tile	http://dams.llgc.org.uk/iiif/2.0/image/4064165/0,0,100,100/100,/0/native.jpg	200
Info.json	http://dams.llgc.org.uk/iiif/2.0/image/4064166/info.json	200
Thumbnail	http://dams.llgc.org.uk/iiif/2.0/image/4064166/full/100,/0/native.jpg	200
Tile	http://dams.llgc.org.uk/iiif/2.0/image/4064166/0,0,100,100/100,/0/native.jpg	200
Info.json	http://dams.llgc.org.uk/iiif/2.0/image/4064167/info.json	200
Thumbnail	http://dams.llgc.org.uk/iiif/2.0/image/4064167/full/100,/0/native.jpg	200
Tile	http://dams.llgc.org.uk/iiif/2.0/image/4064167/0,0,100,100/100,/0/native.jpg	200
Info.json	http://dams.llgc.org.uk/iiif/2.0/image/4064168/info.json	200
Thumbnail	http://dams.llgc.org.uk/iiif/2.0/image/4064168/full/100,/0/native.jpg	200
Tile	http://dams.llgc.org.uk/iiif/2.0/image/4064168/0,0,100,100/100,/0/native.jpg	200
Info.json	http://dams.llgc.org.uk/iiif/2.0/image/4064169/info.json	200
Thumbnail	http://dams.llgc.org.uk/iiif/2.0/image/4064169/full/100,/0/native.jpg	200
Tile	http://dams.llgc.org.uk/iiif/2.0/image/4064169/0,0,100,100/100,/0/native.jpg	200
Info.json	http://dams.llgc.org.uk/iiif/2.0/image/4064170/info.json	200
Thumbnail	http://dams.llgc.org.uk/iiif/2.0/image/4064170/full/100,/0/native.jpg	200
Tile	http://dams.llgc.org.uk/iiif/2.0/image/4064170/0,0,100,100/100,/0/native.jpg	200
Info.json	http://dams.llgc.org.uk/iiif/2.0/image/4064171/info.json	200
Thumbnail	http://dams.llgc.org.uk/iiif/2.0/image/4064171/full/100,/0/native.jpg	200
Tile	http://dams.llgc.org.uk/iiif/2.0/image/4064171/0,0,100,100/100,/0/native.jpg	200
Info.json	http://dams.llgc.org.uk/iiif/2.0/image/4064172/info.json	200
Thumbnail	http://dams.llgc.org.uk/iiif/2.0/image/4064172/full/100,/0/native.jpg	200
Tile	http://dams.llgc.org.uk/iiif/2.0/image/4064172/0,0,100,100/100,/0/native.jpg	200
Info.json	http://dams.llgc.org.uk/iiif/2.0/image/4064173/info.json	200
Thumbnail	http://dams.llgc.org.uk/iiif/2.0/image/4064173/full/100,/0/native.jpg	200
Tile	http://dams.llgc.org.uk/iiif/2.0/image/4064173/0,0,100,100/100,/0/native.jpg	200
Info.json	http://dams.llgc.org.uk/iiif/2.0/image/4064174/info.json	200
Thumbnail	http://dams.llgc.org.uk/iiif/2.0/image/4064174/full/100,/0/native.jpg	200
Tile	http://dams.llgc.org.uk/iiif/2.0/image/4064174/0,0,100,100/100,/0/native.jpg	200
Info.json	http://dams.llgc.org.uk/iiif/2.0/image/4064175/info.json	200
Thumbnail	http://dams.llgc.org.uk/iiif/2.0/image/4064175/full/100,/0/native.jpg	200
Tile	http://dams.llgc.org.uk/iiif/2.0/image/4064175/0,0,100,100/100,/0/native.jpg	200
Info.json	http://dams.llgc.org.uk/iiif/2.0/image/4064176/info.json	200
Thumbnail	http://dams.llgc.org.uk/iiif/2.0/image/4064176/full/100,/0/native.jpg	200
Tile	http://dams.llgc.org.uk/iiif/2.0/image/4064176/0,0,100,100/100,/0/native.jpg	200
Info.json	http://dams.llgc.org.uk/iiif/2.0/image/4064177/info.json	200
Thumbnail	http://dams.llgc.org.uk/iiif/2.0/image/4064177/full/100,/0/native.jpg	200
Tile	http://dams.llgc.org.uk/iiif/2.0/image/4064177/0,0,100,100/100,/0/native.jpg	200
Info.json	http://dams.llgc.org.uk/iiif/2.0/image/4064178/info.json	200
Thumbnail	http://dams.llgc.org.uk/iiif/2.0/image/4064178/full/100,/0/native.jpg	200
Tile	http://dams.llgc.org.uk/iiif/2.0/image/4064178/0,0,100,100/100,/0/native.jpg	200
Info.json	http://dams.llgc.org.uk/iiif/2.0/image/4064179/info.json	200
Thumbnail	http://dams.llgc.org.uk/iiif/2.0/image/4064179/full/100,/0/native.jpg	200
Tile	http://dams.llgc.org.uk/iiif/2.0/image/4064179/0,0,100,100/100,/0/native.jpg	200
Info.json	http://dams.llgc.org.uk/iiif/2.0/image/4064180/info.json	200
Thumbnail	http://dams.llgc.org.uk/iiif/2.0/image/4064180/full/100,/0/native.jpg	200
Tile	http://dams.llgc.org.uk/iiif/2.0/image/4064180/0,0,100,100/100,/0/native.jpg	200
Info.json	http://dams.llgc.org.uk/iiif/2.0/image/4064181/info.json	200
Thumbnail	http://dams.llgc.org.uk/iiif/2.0/image/4064181/full/100,/0/native.jpg	200
Tile	http://dams.llgc.org.uk/iiif/2.0/image/4064181/0,0,100,100/100,/0/native.jpg	200
Info.json	http://dams.llgc.org.uk/iiif/2.0/image/4064182/info.json	200
Thumbnail	http://dams.llgc.org.uk/iiif/2.0/image/4064182/full/100,/0/native.jpg	200
Tile	http://dams.llgc.org.uk/iiif/2.0/image/4064182/0,0,100,100/100,/0/native.jpg	200
Info.json	http://dams.llgc.org.uk/iiif/2.0/image/4064183/info.json	200
Thumbnail	http://dams.llgc.org.uk/iiif/2.0/image/4064183/full/100,/0/native.jpg	200
Tile	http://dams.llgc.org.uk/iiif/2.0/image/4064183/0,0,100,100/100,/0/native.jpg	200
Info.json	http://dams.llgc.org.uk/iiif/2.0/image/4064184/info.json	200
Thumbnail	http://dams.llgc.org.uk/iiif/2.0/image/4064184/full/100,/0/native.jpg	200
Tile	http://dams.llgc.org.uk/iiif/2.0/image/4064184/0,0,100,100/100,/0/native.jpg	200
Info.json	http://dams.llgc.org.uk/iiif/2.0/image/4064185/info.json	200
Thumbnail	http://dams.llgc.org.uk/iiif/2.0/image/4064185/full/100,/0/native.jpg	200
Tile	http://dams.llgc.org.uk/iiif/2.0/image/4064185/0,0,100,100/100,/0/native.jpg	200
Info.json	http://dams.llgc.org.uk/iiif/2.0/image/4064186/info.json	200
Thumbnail	http://dams.llgc.org.uk/iiif/2.0/image/4064186/full/100,/0/native.jpg	200
Tile	http://dams.llgc.org.uk/iiif/2.0/image/4064186/0,0,100,100/100,/0/native.jpg	200
Info.json	http://dams.llgc.org.uk/iiif/2.0/image/4064187/info.json	200
Thumbnail	http://dams.llgc.org.uk/iiif/2.0/image/4064187/full/100,/0/native.jpg	200
Tile	http://dams.llgc.org.uk/iiif/2.0/image/4064187/0,0,100,100/100,/0/native.jpg	200
Info.json	http://dams.llgc.org.uk/iiif/2.0/image/4064188/info.json	200
Thumbnail	http://dams.llgc.org.uk/iiif/2.0/image/4064188/full/100,/0/native.jpg	200
Tile	http://dams.llgc.org.uk/iiif/2.0/image/4064188/0,0,100,100/100,/0/native.jpg	200
Info.json	http://dams.llgc.org.uk/iiif/2.0/image/4064189/info.json	200
Thumbnail	http://dams.llgc.org.uk/iiif/2.0/image/4064189/full/100,/0/native.jpg	200
Tile	http://dams.llgc.org.uk/iiif/2.0/image/4064189/0,0,100,100/100,/0/native.jpg	200
Info.json	http://dams.llgc.org.uk/iiif/2.0/image/4064190/info.json	200
Thumbnail	http://dams.llgc.org.uk/iiif/2.0/image/4064190/full/100,/0/native.jpg	200
Tile	http://dams.llgc.org.uk/iiif/2.0/image/4064190/0,0,100,100/100,/0/native.jpg	200
Info.json	http://dams.llgc.org.uk/iiif/2.0/image/4064191/info.json	200
Thumbnail	http://dams.llgc.org.uk/iiif/2.0/image/4064191/full/100,/0/native.jpg	200
Tile	http://dams.llgc.org.uk/iiif/2.0/image/4064191/0,0,100,100/100,/0/native.jpg	200
Info.json	http://dams.llgc.org.uk/iiif/2.0/image/4064192/info.json	200
Thumbnail	http://dams.llgc.org.uk/iiif/2.0/image/4064192/full/100,/0/native.jpg	200
Tile	http://dams.llgc.org.uk/iiif/2.0/image/4064192/0,0,100,100/100,/0/native.jpg	200
Info.json	http://dams.llgc.org.uk/iiif/2.0/image/4064193/info.json	200
Thumbnail	http://dams.llgc.org.uk/iiif/2.0/image/4064193/full/100,/0/native.jpg	200
Tile	http://dams.llgc.org.uk/iiif/2.0/image/4064193/0,0,100,100/100,/0/native.jpg	200
Info.json	http://dams.llgc.org.uk/iiif/2.0/image/4064194/info.json	200
Thumbnail	http://dams.llgc.org.uk/iiif/2.0/image/4064194/full/100,/0/native.jpg	200
Tile	http://dams.llgc.org.uk/iiif/2.0/image/4064194/0,0,100,100/100,/0/native.jpg	200
Info.json	http://dams.llgc.org.uk/iiif/2.0/image/4064195/info.json	200
Thumbnail	http://dams.llgc.org.uk/iiif/2.0/image/4064195/full/100,/0/native.jpg	200
Tile	http://dams.llgc.org.uk/iiif/2.0/image/4064195/0,0,100,100/100,/0/native.jpg	200
Info.json	http://dams.llgc.org.uk/iiif/2.0/image/4064196/info.json	200
Thumbnail	http://dams.llgc.org.uk/iiif/2.0/image/4064196/full/100,/0/native.jpg	200
Tile	http://dams.llgc.org.uk/iiif/2.0/image/4064196/0,0,100,100/100,/0/native.jpg	200
Info.json	http://dams.llgc.org.uk/iiif/2.0/image/4064197/info.json	200
Thumbnail	http://dams.llgc.org.uk/iiif/2.0/image/4064197/full/100,/0/native.jpg	200
Tile	http://dams.llgc.org.uk/iiif/2.0/image/4064197/0,0,100,100/100,/0/native.jpg	200
Info.json	http://dams.llgc.org.uk/iiif/2.0/image/4064198/info.json	200
Thumbnail	http://dams.llgc.org.uk/iiif/2.0/image/4064198/full/100,/0/native.jpg	200
Tile	http://dams.llgc.org.uk/iiif/2.0/image/4064198/0,0,100,100/100,/0/native.jpg	200
Info.json	http://dams.llgc.org.uk/iiif/2.0/image/4064199/info.json	200
Thumbnail	http://dams.llgc.org.uk/iiif/2.0/image/4064199/full/100,/0/native.jpg	200
Tile	http://dams.llgc.org.uk/iiif/2.0/image/4064199/0,0,100,100/100,/0/native.jpg	200
Info.json	http://dams.llgc.org.uk/iiif/2.0/image/4064200/info.json	200
Thumbnail	http://dams.llgc.org.uk/iiif/2.0/image/4064200/full/100,/0/native.jpg	200
Tile	http://dams.llgc.org.uk/iiif/2.0/image/4064200/0,0,100,100/100,/0/native.jpg	200
Info.json	http://dams.llgc.org.uk/iiif/2.0/image/4064201/info.json	200
Thumbnail	http://dams.llgc.org.uk/iiif/2.0/image/4064201/full/100,/0/native.jpg	200
Tile	http://dams.llgc.org.uk/iiif/2.0/image/4064201/0,0,100,100/100,/0/native.jpg	200
Info.json	http://dams.llgc.org.uk/iiif/2.0/image/4064202/info.json	200
Thumbnail	http://dams.llgc.org.uk/iiif/2.0/image/4064202/full/100,/0/native.jpg	200
Tile	http://dams.llgc.org.uk/iiif/2.0/image/4064202/0,0,100,100/100,/0/native.jpg	200
Info.json	http://dams.llgc.org.uk/iiif/2.0/image/4064203/info.json	200
Thumbnail	http://dams.llgc.org.uk/iiif/2.0/image/4064203/full/100,/0/native.jpg	200
Tile	http://dams.llgc.org.uk/iiif/2.0/image/4064203/0,0,100,100/100,/0/native.jpg	200
Info.json	http://dams.llgc.org.uk/iiif/2.0/image/4064204/info.json	200
Thumbnail	http://dams.llgc.org.uk/iiif/2.0/image/4064204/full/100,/0/native.jpg	200
Tile	http://dams.llgc.org.uk/iiif/2.0/image/4064204/0,0,100,100/100,/0/native.jpg	200
Info.json	http://dams.llgc.org.uk/iiif/2.0/image/4064205/info.json	200
Thumbnail	http://dams.llgc.org.uk/iiif/2.0/image/4064205/full/100,/0/native.jpg	200
Tile	http://dams.llgc.org.uk/iiif/2.0/image/4064205/0,0,100,100/100,/0/native.jpg	200
Info.json	http://dams.llgc.org.uk/iiif/2.0/image/4064206/info.json	200
Thumbnail	http://dams.llgc.org.uk/iiif/2.0/image/4064206/full/100,/0/native.jpg	200
Tile	http://dams.llgc.org.uk/iiif/2.0/image/4064206/0,0,100,100/100,/0/native.jpg	200
Info.json	http://dams.llgc.org.uk/iiif/2.0/image/4064207/info.json	200
Thumbnail	http://dams.llgc.org.uk/iiif/2.0/image/4064207/full/100,/0/native.jpg	200
Tile	http://dams.llgc.org.uk/iiif/2.0/image/4064207/0,0,100,100/100,/0/native.jpg	200
Info.json	http://dams.llgc.org.uk/iiif/2.0/image/4064208/info.json	200
Thumbnail	http://dams.llgc.org.uk/iiif/2.0/image/4064208/full/100,/0/native.jpg	200
Tile	http://dams.llgc.org.uk/iiif/2.0/image/4064208/0,0,100,100/100,/0/native.jpg	200
Info.json	http://dams.llgc.org.uk/iiif/2.0/image/4064209/info.json	200
Thumbnail	http://dams.llgc.org.uk/iiif/2.0/image/4064209/full/100,/0/native.jpg	200
Tile	http://dams.llgc.org.uk/iiif/2.0/image/4064209/0,0,100,100/100,/0/native.jpg	200
Info.json	http://dams.llgc.org.uk/iiif/2.0/image/4064210/info.json	200
Thumbnail	http://dams.llgc.org.uk/iiif/2.0/image/4064210/full/100,/0/native.jpg	200
Tile	http://dams.llgc.org.uk/iiif/2.0/image/4064210/0,0,100,100/100,/0/native.jpg	200
Info.json	http://dams.llgc.org.uk/iiif/2.0/image/4064211/info.json	200
Thumbnail	http://dams.llgc.org.uk/iiif/2.0/image/4064211/full/100,/0/native.jpg	200
Tile	http://dams.llgc.org.uk/iiif/2.0/image/4064211/0,0,100,100/100,/0/native.jpg	200
Info.json	http://dams.llgc.org.uk/iiif/2.0/image/4064212/info.json	200
Thumbnail	http://dams.llgc.org.uk/iiif/2.0/image/4064212/full/100,/0/native.jpg	200
Tile	http://dams.llgc.org.uk/iiif/2.0/image/4064212/0,0,100,100/100,/0/native.jpg	200
Info.json	http://dams.llgc.org.uk/iiif/2.0/image/4064213/info.json	200
Thumbnail	http://dams.llgc.org.uk/iiif/2.0/image/4064213/full/100,/0/native.jpg	200
Tile	http://dams.llgc.org.uk/iiif/2.0/image/4064213/0,0,100,100/100,/0/native.jpg	200
Info.json	http://dams.llgc.org.uk/iiif/2.0/image/4064214/info.json	200
Thumbnail	http://dams.llgc.org.uk/iiif/2.0/image/4064214/full/100,/0/native.jpg	200
Tile	http://dams.llgc.org.uk/iiif/2.0/image/4064214/0,0,100,100/100,/0/native.jpg	200
Info.json	http://dams.llgc.org.uk/iiif/2.0/image/4064215/info.json	200
Thumbnail	http://dams.llgc.org.uk/iiif/2.0/image/4064215/full/100,/0/native.jpg	200
Tile	http://dams.llgc.org.uk/iiif/2.0/image/4064215/0,0,100,100/100,/0/native.jpg	200
Info.json	http://dams.llgc.org.uk/iiif/2.0/image/4064216/info.json	200
Thumbnail	http://dams.llgc.org.uk/iiif/2.0/image/4064216/full/100,/0/native.jpg	200
Tile	http://dams.llgc.org.uk/iiif/2.0/image/4064216/0,0,100,100/100,/0/native.jpg	200
Info.json	http://dams.llgc.org.uk/iiif/2.0/image/4064217/info.json	200
Thumbnail	http://dams.llgc.org.uk/iiif/2.0/image/4064217/full/100,/0/native.jpg	200
Tile	http://dams.llgc.org.uk/iiif/2.0/image/4064217/0,0,100,100/100,/0/native.jpg	200
Info.json	http://dams.llgc.org.uk/iiif/2.0/image/4064218/info.json	200
Thumbnail	http://dams.llgc.org.uk/iiif/2.0/image/4064218/full/100,/0/native.jpg	200
Tile	http://dams.llgc.org.uk/iiif/2.0/image/4064218/0,0,100,100/100,/0/native.jpg	200
Info.json	http://dams.llgc.org.uk/iiif/2.0/image/4064219/info.json	200
Thumbnail	http://dams.llgc.org.uk/iiif/2.0/image/4064219/full/100,/0/native.jpg	200
Tile	http://dams.llgc.org.uk/iiif/2.0/image/4064219/0,0,100,100/100,/0/native.jpg	200
Info.json	http://dams.llgc.org.uk/iiif/2.0/image/4064220/info.json	200
Thumbnail	http://dams.llgc.org.uk/iiif/2.0/image/4064220/full/100,/0/native.jpg	200
Tile	http://dams.llgc.org.uk/iiif/2.0/image/4064220/0,0,100,100/100,/0/native.jpg	200
Info.json	http://dams.llgc.org.uk/iiif/2.0/image/4064221/info.json	200
Thumbnail	http://dams.llgc.org.uk/iiif/2.0/image/4064221/full/100,/0/native.jpg	200
Tile	http://dams.llgc.org.uk/iiif/2.0/image/4064221/0,0,100,100/100,/0/native.jpg	200
Info.json	http://dams.llgc.org.uk/iiif/2.0/image/4064222/info.json	200
Thumbnail	http://dams.llgc.org.uk/iiif/2.0/image/4064222/full/100,/0/native.jpg	200
Tile	http://dams.llgc.org.uk/iiif/2.0/image/4064222/0,0,100,100/100,/0/native.jpg	200
Info.json	http://dams.llgc.org.uk/iiif/2.0/image/4064223/info.json	200
Thumbnail	http://dams.llgc.org.uk/iiif/2.0/image/4064223/full/100,/0/native.jpg	200
Tile	http://dams.llgc.org.uk/iiif/2.0/image/4064223/0,0,100,100/100,/0/native.jpg	200
Info.json	http://dams.llgc.org.uk/iiif/2.0/image/4064224/info.json	200
Thumbnail	http://dams.llgc.org.uk/iiif/2.0/image/4064224/full/100,/0/native.jpg	200
Tile	http://dams.llgc.org.uk/iiif/2.0/image/4064224/0,0,100,100/100,/0/native.jpg	200
Info.json	http://dams.llgc.org.uk/iiif/2.0/image/4064225/info.json	200
Thumbnail	http://dams.llgc.org.uk/iiif/2.0/image/4064225/full/100,/0/native.jpg	200
Tile	http://dams.llgc.org.uk/iiif/2.0/image/4064225/0,0,100,100/100,/0/native.jpg	200
Info.json	http://dams.llgc.org.uk/iiif/2.0/image/4064226/info.json	200
Thumbnail	http://dams.llgc.org.uk/iiif/2.0/image/4064226/full/100,/0/native.jpg	200
Tile	http://dams.llgc.org.uk/iiif/2.0/image/4064226/0,0,100,100/100,/0/native.jpg	200
Info.json	http://dams.llgc.org.uk/iiif/2.0/image/4064227/info.json	200
Thumbnail	http://dams.llgc.org.uk/iiif/2.0/image/4064227/full/100,/0/native.jpg	200
Tile	http://dams.llgc.org.uk/iiif/2.0/image/4064227/0,0,100,100/100,/0/native.jpg	200
Info.json	http://dams.llgc.org.uk/iiif/2.0/image/4064228/info.json	200
Thumbnail	http://dams.llgc.org.uk/iiif/2.0/image/4064228/full/100,/0/native.jpg	200
Tile	http://dams.llgc.org.uk/iiif/2.0/image/4064228/0,0,100,100/100,/0/native.jpg	200
Info.json	http://dams.llgc.org.uk/iiif/2.0/image/4064229/info.json	200
Thumbnail	http://dams.llgc.org.uk/iiif/2.0/image/4064229/full/100,/0/native.jpg	200
Tile	http://dams.llgc.org.uk/iiif/2.0/image/4064229/0,0,100,100/100,/0/native.jpg	200
Info.json	http://dams.llgc.org.uk/iiif/2.0/image/4064230/info.json	200
Thumbnail	http://dams.llgc.org.uk/iiif/2.0/image/4064230/full/100,/0/native.jpg	200
Tile	http://dams.llgc.org.uk/iiif/2.0/image/4064230/0,0,100,100/100,/0/native.jpg	200
Info.json	http://dams.llgc.org.uk/iiif/2.0/image/4064231/info.json	200
Thumbnail	http://dams.llgc.org.uk/iiif/2.0/image/4064231/full/100,/0/native.jpg	200
Tile	http://dams.llgc.org.uk/iiif/2.0/image/4064231/0,0,100,100/100,/0/native.jpg	200
Info.json	http://dams.llgc.org.uk/iiif/2.0/image/4064232/info.json	200
Thumbnail	http://dams.llgc.org.uk/iiif/2.0/image/4064232/full/100,/0/native.jpg	200
Tile	http://dams.llgc.org.uk/iiif/2.0/image/4064232/0,0,100,100/100,/0/native.jpg	200
Info.json	http://dams.llgc.org.uk/iiif/2.0/image/4064233/info.json	200
Thumbnail	http://dams.llgc.org.uk/iiif/2.0/image/4064233/full/100,/0/native.jpg	200
Tile	http://dams.llgc.org.uk/iiif/2.0/image/4064233/0,0,100,100/100,/0/native.jpg	200
Info.json	http://dams.llgc.org.uk/iiif/2.0/image/4064234/info.json	200
Thumbnail	http://dams.llgc.org.uk/iiif/2.0/image/4064234/full/100,/0/native.jpg	200
Tile	http://dams.llgc.org.uk/iiif/2.0/image/4064234/0,0,100,100/100,/0/native.jpg	200
Info.json	http://dams.llgc.org.uk/iiif/2.0/image/4064235/info.json	200
Thumbnail	http://dams.llgc.org.uk/iiif/2.0/image/4064235/full/100,/0/native.jpg	200
Tile	http://dams.llgc.org.uk/iiif/2.0/image/4064235/0,0,100,100/100,/0/native.jpg	200
Info.json	http://dams.llgc.org.uk/iiif/2.0/image/4064236/info.json	200
Thumbnail	http://dams.llgc.org.uk/iiif/2.0/image/4064236/full/100,/0/native.jpg	200
Tile	http://dams.llgc.org.uk/iiif/2.0/image/4064236/0,0,100,100/100,/0/native.jpg	200
Info.json	http://dams.llgc.org.uk/iiif/2.0/image/4064237/info.json	200
Thumbnail	http://dams.llgc.org.uk/iiif/2.0/image/4064237/full/100,/0/native.jpg	200
Tile	http://dams.llgc.org.uk/iiif/2.0/image/4064237/0,0,100,100/100,/0/native.jpg	200
Info.json	http://dams.llgc.org.uk/iiif/2.0/image/4064238/info.json	200
Thumbnail	http://dams.llgc.org.uk/iiif/2.0/image/4064238/full/100,/0/native.jpg	200
Tile	http://dams.llgc.org.uk/iiif/2.0/image/4064238/0,0,100,100/100,/0/native.jpg	200
Info.json	http://dams.llgc.org.uk/iiif/2.0/image/4064239/info.json	200
Thumbnail	http://dams.llgc.org.uk/iiif/2.0/image/4064239/full/100,/0/native.jpg	200
Tile	http://dams.llgc.org.uk/iiif/2.0/image/4064239/0,0,100,100/100,/0/native.jpg	200
Info.json	http://dams.llgc.org.uk/iiif/2.0/image/4064240/info.json	200
Thumbnail	http://dams.llgc.org.uk/iiif/2.0/image/4064240/full/100,/0/native.jpg	200
Tile	http://dams.llgc.org.uk/iiif/2.0/image/4064240/0,0,100,100/100,/0/native.jpg	200
Info.json	http://dams.llgc.org.uk/iiif/2.0/image/4064241/info.json	200
Thumbnail	http://dams.llgc.org.uk/iiif/2.0/image/4064241/full/100,/0/native.jpg	200
Tile	http://dams.llgc.org.uk/iiif/2.0/image/4064241/0,0,100,100/100,/0/native.jpg	200
Info.json	http://dams.llgc.org.uk/iiif/2.0/image/4064242/info.json	200
Thumbnail	http://dams.llgc.org.uk/iiif/2.0/image/4064242/full/100,/0/native.jpg	200
Tile	http://dams.llgc.org.uk/iiif/2.0/image/4064242/0,0,100,100/100,/0/native.jpg	200
Info.json	http://dams.llgc.org.uk/iiif/2.0/image/4064243/info.json	200
Thumbnail	http://dams.llgc.org.uk/iiif/2.0/image/4064243/full/100,/0/native.jpg	200
Tile	http://dams.llgc.org.uk/iiif/2.0/image/4064243/0,0,100,100/100,/0/native.jpg	200
Info.json	http://dams.llgc.org.uk/iiif/2.0/image/4064244/info.json	200
Thumbnail	http://dams.llgc.org.uk/iiif/2.0/image/4064244/full/100,/0/native.jpg	200
Tile	http://dams.llgc.org.uk/iiif/2.0/image/4064244/0,0,100,100/100,/0/native.jpg	200
Info.json	http://dams.llgc.org.uk/iiif/2.0/image/4064245/info.json	200
Thumbnail	http://dams.llgc.org.uk/iiif/2.0/image/4064245/full/100,/0/native.jpg	200
Tile	http://dams.llgc.org.uk/iiif/2.0/image/4064245/0,0,100,100/100,/0/native.jpg	200
Info.json	http://dams.llgc.org.uk/iiif/2.0/image/4064246/info.json	200
Thumbnail	http://dams.llgc.org.uk/iiif/2.0/image/4064246/full/100,/0/native.jpg	200
Tile	http://dams.llgc.org.uk/iiif/2.0/image/4064246/0,0,100,100/100,/0/native.jpg	200
Info.json	http://dams.llgc.org.uk/iiif/2.0/image/4064247/info.json	200
Thumbnail	http://dams.llgc.org.uk/iiif/2.0/image/4064247/full/100,/0/native.jpg	200
Tile	http://dams.llgc.org.uk/iiif/2.0/image/4064247/0,0,100,100/100,/0/native.jpg	200
Info.json	http://dams.llgc.org.uk/iiif/2.0/image/4064248/info.json	200
Thumbnail	http://dams.llgc.org.uk/iiif/2.0/image/4064248/full/100,/0/native.jpg	200
Tile	http://dams.llgc.org.uk/iiif/2.0/image/4064248/0,0,100,100/100,/0/native.jpg	200
Info.json	http://dams.llgc.org.uk/iiif/2.0/image/4064249/info.json	200
Thumbnail	http://dams.llgc.org.uk/iiif/2.0/image/4064249/full/100,/0/native.jpg	200
Tile	http://dams.llgc.org.uk/iiif/2.0/image/4064249/0,0,100,100/100,/0/native.jpg	200
Info.json	http://dams.llgc.org.uk/iiif/2.0/image/4064250/info.json	200
Thumbnail	http://dams.llgc.org.uk/iiif/2.0/image/4064250/full/100,/0/native.jpg	200
Tile	http://dams.llgc.org.uk/iiif/2.0/image/4064250/0,0,100,100/100,/0/native.jpg	200
Info.json	http://dams.llgc.org.uk/iiif/2.0/image/4064251/info.json	200
Thumbnail	http://dams.llgc.org.uk/iiif/2.0/image/4064251/full/100,/0/native.jpg	200
Tile	http://dams.llgc.org.uk/iiif/2.0/image/4064251/0,0,100,100/100,/0/native.jpg	200
Info.json	http://dams.llgc.org.uk/iiif/2.0/image/4064252/info.json	200
Thumbnail	http://dams.llgc.org.uk/iiif/2.0/image/4064252/full/100,/0/native.jpg	200
Tile	http://dams.llgc.org.uk/iiif/2.0/image/4064252/0,0,100,100/100,/0/native.jpg	200
Info.json	http://dams.llgc.org.uk/iiif/2.0/image/4064253/info.json	200
Thumbnail	http://dams.llgc.org.uk/iiif/2.0/image/4064253/full/100,/0/native.jpg	200
Tile	http://dams.llgc.org.uk/iiif/2.0/image/4064253/0,0,100,100/100,/0/native.jpg	200
Info.json	http://dams.llgc.org.uk/iiif/2.0/image/4064254/info.json	200
Thumbnail	http://dams.llgc.org.uk/iiif/2.0/image/4064254/full/100,/0/native.jpg	200
Tile	http://dams.llgc.org.uk/iiif/2.0/image/4064254/0,0,100,100/100,/0/native.jpg	200
Info.json	http://dams.llgc.org.uk/iiif/2.0/image/4064255/info.json	200
Thumbnail	http://dams.llgc.org.uk/iiif/2.0/image/4064255/full/100,/0/native.jpg	200
Tile	http://dams.llgc.org.uk/iiif/2.0/image/4064255/0,0,100,100/100,/0/native.jpg	200
Info.json	http://dams.llgc.org.uk/iiif/2.0/image/4064256/info.json	200
Thumbnail	http://dams.llgc.org.uk/iiif/2.0/image/4064256/full/100,/0/native.jpg	200
Tile	http://dams.llgc.org.uk/iiif/2.0/image/4064256/0,0,100,100/100,/0/native.jpg	200
Info.json	http://dams.llgc.org.uk/iiif/2.0/image/4064257/info.json	200
Thumbnail	http://dams.llgc.org.uk/iiif/2.0/image/4064257/full/100,/0/native.jpg	200
Tile	http://dams.llgc.org.uk/iiif/2.0/image/4064257/0,0,100,100/100,/0/native.jpg	200
Info.json	http://dams.llgc.org.uk/iiif/2.0/image/4064258/info.json	200
Thumbnail	http://dams.llgc.org.uk/iiif/2.0/image/4064258/full/100,/0/native.jpg	200
Tile	http://dams.llgc.org.uk/iiif/2.0/image/4064258/0,0,100,100/100,/0/native.jpg	200
Info.json	http://dams.llgc.org.uk/iiif/2.0/image/4064259/info.json	200
Thumbnail	http://dams.llgc.org.uk/iiif/2.0/image/4064259/full/100,/0/native.jpg	200
Tile	http://dams.llgc.org.uk/iiif/2.0/image/4064259/0,0,100,100/100,/0/native.jpg	200
Info.json	http://dams.llgc.org.uk/iiif/2.0/image/4064260/info.json	200
Thumbnail	http://dams.llgc.org.uk/iiif/2.0/image/4064260/full/100,/0/native.jpg	200
Tile	http://dams.llgc.org.uk/iiif/2.0/image/4064260/0,0,100,100/100,/0/native.jpg	200
Info.json	http://dams.llgc.org.uk/iiif/2.0/image/4064261/info.json	200
Thumbnail	http://dams.llgc.org.uk/iiif/2.0/image/4064261/full/100,/0/native.jpg	200
Tile	http://dams.llgc.org.uk/iiif/2.0/image/4064261/0,0,100,100/100,/0/native.jpg	200
Info.json	http://dams.llgc.org.uk/iiif/2.0/image/4064262/info.json	200
Thumbnail	http://dams.llgc.org.uk/iiif/2.0/image/4064262/full/100,/0/native.jpg	200
Tile	http://dams.llgc.org.uk/iiif/2.0/image/4064262/0,0,100,100/100,/0/native.jpg	200
Info.json	http://dams.llgc.org.uk/iiif/2.0/image/4064263/info.json	200
Thumbnail	http://dams.llgc.org.uk/iiif/2.0/image/4064263/full/100,/0/native.jpg	200
Tile	http://dams.llgc.org.uk/iiif/2.0/image/4064263/0,0,100,100/100,/0/native.jpg	200
Info.json	http://dams.llgc.org.uk/iiif/2.0/image/4064264/info.json	200
Thumbnail	http://dams.llgc.org.uk/iiif/2.0/image/4064264/full/100,/0/native.jpg	200
Tile	http://dams.llgc.org.uk/iiif/2.0/image/4064264/0,0,100,100/100,/0/native.jpg	200
Info.json	http://dams.llgc.org.uk/iiif/2.0/image/4064265/info.json	200
Thumbnail	http://dams.llgc.org.uk/iiif/2.0/image/4064265/full/100,/0/native.jpg	200
Tile	http://dams.llgc.org.uk/iiif/2.0/image/4064265/0,0,100,100/100,/0/native.jpg	200
Info.json	http://dams.llgc.org.uk/iiif/2.0/image/4064266/info.json	200
Thumbnail	http://dams.llgc.org.uk/iiif/2.0/image/4064266/full/100,/0/native.jpg	200
Tile	http://dams.llgc.org.uk/iiif/2.0/image/4064266/0,0,100,100/100,/0/native.jpg	200
Info.json	http://dams.llgc.org.uk/iiif/2.0/image/4064267/info.json	200
Thumbnail	http://dams.llgc.org.uk/iiif/2.0/image/4064267/full/100,/0/native.jpg	200
Tile	http://dams.llgc.org.uk/iiif/2.0/image/4064267/0,0,100,100/100,/0/native.jpg	200
Info.json	http://dams.llgc.org.uk/iiif/2.0/image/4064268/info.json	200
Thumbnail	http://dams.llgc.org.uk/iiif/2.0/image/4064268/full/100,/0/native.jpg	200
Tile	http://dams.llgc.org.uk/iiif/2.0/image/4064268/0,0,100,100/100,/0/native.jpg	200
Info.json	http://dams.llgc.org.uk/iiif/2.0/image/4064269/info.json	200
Thumbnail	http://dams.llgc.org.uk/iiif/2.0/image/4064269/full/100,/0/native.jpg	200
Tile	http://dams.llgc.org.uk/iiif/2.0/image/4064269/0,0,100,100/100,/0/native.jpg	200
Info.json	http://dams.llgc.org.uk/iiif/2.0/image/4064270/info.json	200
Thumbnail	http://dams.llgc.org.uk/iiif/2.0/image/4064270/full/100,/0/native.jpg	200
Tile	http://dams.llgc.org.uk/iiif/2.0/image/4064270/0,0,100,100/100,/0/native.jpg	200
Info.json	http://dams.llgc.org.uk/iiif/2.0/image/4064271/info.json	200
Thumbnail	http://dams.llgc.org.uk/iiif/2.0/image/4064271/full/100,/0/native.jpg	200
Tile	http://dams.llgc.org.uk/iiif/2.0/image/4064271/0,0,100,100/100,/0/native.jpg	200
Info.json	http://dams.llgc.org.uk/iiif/2.0/image/4064272/info.json	200
Thumbnail	http://dams.llgc.org.uk/iiif/2.0/image/4064272/full/100,/0/native.jpg	200
Tile	http://dams.llgc.org.uk/iiif/2.0/image/4064272/0,0,100,100/100,/0/native.jpg	200
Info.json	http://dams.llgc.org.uk/iiif/2.0/image/4064273/info.json	200
Thumbnail	http://dams.llgc.org.uk/iiif/2.0/image/4064273/full/100,/0/native.jpg	200
Tile	http://dams.llgc.org.uk/iiif/2.0/image/4064273/0,0,100,100/100,/0/native.jpg	200
Info.json	http://dams.llgc.org.uk/iiif/2.0/image/4064274/info.json	200
Thumbnail	http://dams.llgc.org.uk/iiif/2.0/image/4064274/full/100,/0/native.jpg	200
Tile	http://dams.llgc.org.uk/iiif/2.0/image/4064274/0,0,100,100/100,/0/native.jpg	200
Info.json	http://dams.llgc.org.uk/iiif/2.0/image/4064275/info.json	200
Thumbnail	http://dams.llgc.org.uk/iiif/2.0/image/4064275/full/100,/0/native.jpg	200
Tile	http://dams.llgc.org.uk/iiif/2.0/image/4064275/0,0,100,100/100,/0/native.jpg	200
Info.json	http://dams.llgc.org.uk/iiif/2.0/image/4064276/info.json	200
Thumbnail	http://dams.llgc.org.uk/iiif/2.0/image/4064276/full/100,/0/native.jpg	200
Tile	http://dams.llgc.org.uk/iiif/2.0/image/4064276/0,0,100,100/100,/0/native.jpg	200
Info.json	http://dams.llgc.org.uk/iiif/2.0/image/4064277/info.json	200
Thumbnail	http://dams.llgc.org.uk/iiif/2.0/image/4064277/full/100,/0/native.jpg	200
Tile	http://dams.llgc.org.uk/iiif/2.0/image/4064277/0,0,100,100/100,/0/native.jpg	200
Info.json	http://dams.llgc.org.uk/iiif/2.0/image/4064278/info.json	200
Thumbnail	http://dams.llgc.org.uk/iiif/2.0/image/4064278/full/100,/0/native.jpg	200
Tile	http://dams.llgc.org.uk/iiif/2.0/image/4064278/0,0,100,100/100,/0/native.jpg	200
Info.json	http://dams.llgc.org.uk/iiif/2.0/image/4064279/info.json	200
Thumbnail	http://dams.llgc.org.uk/iiif/2.0/image/4064279/full/100,/0/native.jpg	200
Tile	http://dams.llgc.org.uk/iiif/2.0/image/4064279/0,0,100,100/100,/0/native.jpg	200
Info.json	http://dams.llgc.org.uk/iiif/2.0/image/4064280/info.json	200
Thumbnail	http://dams.llgc.org.uk/iiif/2.0/image/4064280/full/100,/0/native.jpg	200
Tile	http://dams.llgc.org.uk/iiif/2.0/image/4064280/0,0,100,100/100,/0/native.jpg	200
Info.json	http://dams.llgc.org.uk/iiif/2.0/image/4064281/info.json	200
Thumbnail	http://dams.llgc.org.uk/iiif/2.0/image/4064281/full/100,/0/native.jpg	200
Tile	http://dams.llgc.org.uk/iiif/2.0/image/4064281/0,0,100,100/100,/0/native.jpg	200
Info.json	http://dams.llgc.org.uk/iiif/2.0/image/4064282/info.json	200
Thumbnail	http://dams.llgc.org.uk/iiif/2.0/image/4064282/full/100,/0/native.jpg	200
Tile	http://dams.llgc.org.uk/iiif/2.0/image/4064282/0,0,100,100/100,/0/native.jpg	200
Info.json	http://dams.llgc.org.uk/iiif/2.0/image/4064283/info.json	200
Thumbnail	http://dams.llgc.org.uk/iiif/2.0/image/4064283/full/100,/0/native.jpg	200
Tile	http://dams.llgc.org.uk/iiif/2.0/image/4064283/0,0,100,100/100,/0/native.jpg	200
Info.json	http://dams.llgc.org.uk/iiif/2.0/image/4064284/info.json	200
Thumbnail	http://dams.llgc.org.uk/iiif/2.0/image/4064284/full/100,/0/native.jpg	200
Tile	http://dams.llgc.org.uk/iiif/2.0/image/4064284/0,0,100,100/100,/0/native.jpg	200
Info.json	http://dams.llgc.org.uk/iiif/2.0/image/4064285/info.json	200
Thumbnail	http://dams.llgc.org.uk/iiif/2.0/image/4064285/full/100,/0/native.jpg	200
Tile	http://dams.llgc.org.uk/iiif/2.0/image/4064285/0,0,100,100/100,/0/native.jpg	200
Info.json	http://dams.llgc.org.uk/iiif/2.0/image/4064286/info.json	200
Thumbnail	http://dams.llgc.org.uk/iiif/2.0/image/4064286/full/100,/0/native.jpg	200
Tile	http://dams.llgc.org.uk/iiif/2.0/image/4064286/0,0,100,100/100,/0/native.jpg	200
Info.json	http://dams.llgc.org.uk/iiif/2.0/image/4064287/info.json	200
Thumbnail	http://dams.llgc.org.uk/iiif/2.0/image/4064287/full/100,/0/native.jpg	200
Tile	http://dams.llgc.org.uk/iiif/2.0/image/4064287/0,0,100,100/100,/0/native.jpg	200
Info.json	http://dams.llgc.org.uk/iiif/2.0/image/4064288/info.json	200
Thumbnail	http://dams.llgc.org.uk/iiif/2.0/image/4064288/full/100,/0/native.jpg	200
Tile	http://dams.llgc.org.uk/iiif/2.0/image/4064288/0,0,100,100/100,/0/native.jpg	200
Info.json	http://dams.llgc.org.uk/iiif/2.0/image/4064289/info.json	200
Thumbnail	http://dams.llgc.org.uk/iiif/2.0/image/4064289/full/100,/0/native.jpg	200
Tile	http://dams.llgc.org.uk/iiif/2.0/image/4064289/0,0,100,100/100,/0/native.jpg	200
Info.json	http://dams.llgc.org.uk/iiif/2.0/image/4064290/info.json	200
Thumbnail	http://dams.llgc.org.uk/iiif/2.0/image/4064290/full/100,/0/native.jpg	200
Tile	http://dams.llgc.org.uk/iiif/2.0/image/4064290/0,0,100,100/100,/0/native.jpg	200
Info.json	http://dams.llgc.org.uk/iiif/2.0/image/4064291/info.json	200
Thumbnail	http://dams.llgc.org.uk/iiif/2.0/image/4064291/full/100,/0/native.jpg	200
Tile	http://dams.llgc.org.uk/iiif/2.0/image/4064291/0,0,100,100/100,/0/native.jpg	200
Info.json	http://dams.llgc.org.uk/iiif/2.0/image/4064292/info.json	200
Thumbnail	http://dams.llgc.org.uk/iiif/2.0/image/4064292/full/100,/0/native.jpg	200
Tile	http://dams.llgc.org.uk/iiif/2.0/image/4064292/0,0,100,100/100,/0/native.jpg	200
Info.json	http://dams.llgc.org.uk/iiif/2.0/image/4064293/info.json	200
Thumbnail	http://dams.llgc.org.uk/iiif/2.0/image/4064293/full/100,/0/native.jpg	200
Tile	http://dams.llgc.org.uk/iiif/2.0/image/4064293/0,0,100,100/100,/0/native.jpg	200
Info.json	http://dams.llgc.org.uk/iiif/2.0/image/4064294/info.json	200
Thumbnail	http://dams.llgc.org.uk/iiif/2.0/image/4064294/full/100,/0/native.jpg	200
Tile	http://dams.llgc.org.uk/iiif/2.0/image/4064294/0,0,100,100/100,/0/native.jpg	200
Info.json	http://dams.llgc.org.uk/iiif/2.0/image/4064295/info.json	200
Thumbnail	http://dams.llgc.org.uk/iiif/2.0/image/4064295/full/100,/0/native.jpg	200
Tile	http://dams.llgc.org.uk/iiif/2.0/image/4064295/0,0,100,100/100,/0/native.jpg	200
Info.json	http://dams.llgc.org.uk/iiif/2.0/image/4064296/info.json	200
Thumbnail	http://dams.llgc.org.uk/iiif/2.0/image/4064296/full/100,/0/native.jpg	200
Tile	http://dams.llgc.org.uk/iiif/2.0/image/4064296/0,0,100,100/100,/0/native.jpg	200
Info.json	http://dams.llgc.org.uk/iiif/2.0/image/4064297/info.json	200
Thumbnail	http://dams.llgc.org.uk/iiif/2.0/image/4064297/full/100,/0/native.jpg	200
Tile	http://dams.llgc.org.uk/iiif/2.0/image/4064297/0,0,100,100/100,/0/native.jpg	200
Info.json	http://dams.llgc.org.uk/iiif/2.0/image/4064298/info.json	200
Thumbnail	http://dams.llgc.org.uk/iiif/2.0/image/4064298/full/100,/0/native.jpg	200
Tile	http://dams.llgc.org.uk/iiif/2.0/image/4064298/0,0,100,100/100,/0/native.jpg	200
Info.json	http://dams.llgc.org.uk/iiif/2.0/image/4064299/info.json	200
Thumbnail	http://dams.llgc.org.uk/iiif/2.0/image/4064299/full/100,/0/native.jpg	200
Tile	http://dams.llgc.org.uk/iiif/2.0/image/4064299/0,0,100,100/100,/0/native.jpg	200
Info.json	http://dams.llgc.org.uk/iiif/2.0/image/4064300/info.json	200
Thumbnail	http://dams.llgc.org.uk/iiif/2.0/image/4064300/full/100,/0/native.jpg	200
Tile	http://dams.llgc.org.uk/iiif/2.0/image/4064300/0,0,100,100/100,/0/native.jpg	200
Info.json	http://dams.llgc.org.uk/iiif/2.0/image/4064301/info.json	200
Thumbnail	http://dams.llgc.org.uk/iiif/2.0/image/4064301/full/100,/0/native.jpg	200
Tile	http://dams.llgc.org.uk/iiif/2.0/image/4064301/0,0,100,100/100,/0/native.jpg	200
Info.json	http://dams.llgc.org.uk/iiif/2.0/image/4064302/info.json	200
Thumbnail	http://dams.llgc.org.uk/iiif/2.0/image/4064302/full/100,/0/native.jpg	200
Tile	http://dams.llgc.org.uk/iiif/2.0/image/4064302/0,0,100,100/100,/0/native.jpg	200
Info.json	http://dams.llgc.org.uk/iiif/2.0/image/4064303/info.json	200
Thumbnail	http://dams.llgc.org.uk/iiif/2.0/image/4064303/full/100,/0/native.jpg	200
Tile	http://dams.llgc.org.uk/iiif/2.0/image/4064303/0,0,100,100/100,/0/native.jpg	200
Info.json	http://dams.llgc.org.uk/iiif/2.0/image/4064304/info.json	200
Thumbnail	http://dams.llgc.org.uk/iiif/2.0/image/4064304/full/100,/0/native.jpg	200
Tile	http://dams.llgc.org.uk/iiif/2.0/image/4064304/0,0,100,100/100,/0/native.jpg	200
Info.json	http://dams.llgc.org.uk/iiif/2.0/image/4064305/info.json	200
Thumbnail	http://dams.llgc.org.uk/iiif/2.0/image/4064305/full/100,/0/native.jpg	200
Tile	http://dams.llgc.org.uk/iiif/2.0/image/4064305/0,0,100,100/100,/0/native.jpg	200
Info.json	http://dams.llgc.org.uk/iiif/2.0/image/4064306/info.json	200
Thumbnail	http://dams.llgc.org.uk/iiif/2.0/image/4064306/full/100,/0/native.jpg	200
Tile	http://dams.llgc.org.uk/iiif/2.0/image/4064306/0,0,100,100/100,/0/native.jpg	200
Info.json	http://dams.llgc.org.uk/iiif/2.0/image/4064307/info.json	200
Thumbnail	http://dams.llgc.org.uk/iiif/2.0/image/4064307/full/100,/0/native.jpg	200
Tile	http://dams.llgc.org.uk/iiif/2.0/image/4064307/0,0,100,100/100,/0/native.jpg	200
Info.json	http://dams.llgc.org.uk/iiif/2.0/image/4064308/info.json	200
Thumbnail	http://dams.llgc.org.uk/iiif/2.0/image/4064308/full/100,/0/native.jpg	200
Tile	http://dams.llgc.org.uk/iiif/2.0/image/4064308/0,0,100,100/100,/0/native.jpg	200
Info.json	http://dams.llgc.org.uk/iiif/2.0/image/4064309/info.json	200
Thumbnail	http://dams.llgc.org.uk/iiif/2.0/image/4064309/full/100,/0/native.jpg	200
Tile	http://dams.llgc.org.uk/iiif/2.0/image/4064309/0,0,100,100/100,/0/native.jpg	200
Info.json	http://dams.llgc.org.uk/iiif/2.0/image/4064310/info.json	200
Thumbnail	http://dams.llgc.org.uk/iiif/2.0/image/4064310/full/100,/0/native.jpg	200
Tile	http://dams.llgc.org.uk/iiif/2.0/image/4064310/0,0,100,100/100,/0/native.jpg	200
Info.json	http://dams.llgc.org.uk/iiif/2.0/image/4064311/info.json	200
Thumbnail	http://dams.llgc.org.uk/iiif/2.0/image/4064311/full/100,/0/native.jpg	200
Tile	http://dams.llgc.org.uk/iiif/2.0/image/4064311/0,0,100,100/100,/0/native.jpg	200
Info.json	http://dams.llgc.org.uk/iiif/2.0/image/4064312/info.json	200
Thumbnail	http://dams.llgc.org.uk/iiif/2.0/image/4064312/full/100,/0/native.jpg	200
Tile	http://dams.llgc.org.uk/iiif/2.0/image/4064312/0,0,100,100/100,/0/native.jpg	200
Info.json	http://dams.llgc.org.uk/iiif/2.0/image/4064313/info.json	200
Thumbnail	http://dams.llgc.org.uk/iiif/2.0/image/4064313/full/100,/0/native.jpg	200
Tile	http://dams.llgc.org.uk/iiif/2.0/image/4064313/0,0,100,100/100,/0/native.jpg	200
Info.json	http://dams.llgc.org.uk/iiif/2.0/image/4064314/info.json	200
Thumbnail	http://dams.llgc.org.uk/iiif/2.0/image/4064314/full/100,/0/native.jpg	200
Tile	http://dams.llgc.org.uk/iiif/2.0/image/4064314/0,0,100,100/100,/0/native.jpg	200
Info.json	http://dams.llgc.org.uk/iiif/2.0/image/4064315/info.json	200
Thumbnail	http://dams.llgc.org.uk/iiif/2.0/image/4064315/full/100,/0/native.jpg	200
Tile	http://dams.llgc.org.uk/iiif/2.0/image/4064315/0,0,100,100/100,/0/native.jpg	200
Info.json	http://dams.llgc.org.uk/iiif/2.0/image/4064316/info.json	200
Thumbnail	http://dams.llgc.org.uk/iiif/2.0/image/4064316/full/100,/0/native.jpg	200
Tile	http://dams.llgc.org.uk/iiif/2.0/image/4064316/0,0,100,100/100,/0/native.jpg	200
Info.json	http://dams.llgc.org.uk/iiif/2.0/image/4064317/info.json	200
Thumbnail	http://dams.llgc.org.uk/iiif/2.0/image/4064317/full/100,/0/native.jpg	200
Tile	http://dams.llgc.org.uk/iiif/2.0/image/4064317/0,0,100,100/100,/0/native.jpg	200
Info.json	http://dams.llgc.org.uk/iiif/2.0/image/4064318/info.json	200
Thumbnail	http://dams.llgc.org.uk/iiif/2.0/image/4064318/full/100,/0/native.jpg	200
Tile	http://dams.llgc.org.uk/iiif/2.0/image/4064318/0,0,100,100/100,/0/native.jpg	200
Info.json	http://dams.llgc.org.uk/iiif/2.0/image/4064319/info.json	200
Thumbnail	http://dams.llgc.org.uk/iiif/2.0/image/4064319/full/100,/0/native.jpg	200
Tile	http://dams.llgc.org.uk/iiif/2.0/image/4064319/0,0,100,100/100,/0/native.jpg	200
Info.json	http://dams.llgc.org.uk/iiif/2.0/image/4064320/info.json	200
Thumbnail	http://dams.llgc.org.uk/iiif/2.0/image/4064320/full/100,/0/native.jpg	200
Tile	http://dams.llgc.org.uk/iiif/2.0/image/4064320/0,0,100,100/100,/0/native.jpg	200
Info.json	http://dams.llgc.org.uk/iiif/2.0/image/4064321/info.json	200
Thumbnail	http://dams.llgc.org.uk/iiif/2.0/image/4064321/full/100,/0/native.jpg	200
Tile	http://dams.llgc.org.uk/iiif/2.0/image/4064321/0,0,100,100/100,/0/native.jpg	200
Info.json	http://dams.llgc.org.uk/iiif/2.0/image/4064322/info.json	200
Thumbnail	http://dams.llgc.org.uk/iiif/2.0/image/4064322/full/100,/0/native.jpg	200
Tile	http://dams.llgc.org.uk/iiif/2.0/image/4064322/0,0,100,100/100,/0/native.jpg	200
Info.json	http://dams.llgc.org.uk/iiif/2.0/image/4064323/info.json	200
Thumbnail	http://dams.llgc.org.uk/iiif/2.0/image/4064323/full/100,/0/native.jpg	200
Tile	http://dams.llgc.org.uk/iiif/2.0/image/4064323/0,0,100,100/100,/0/native.jpg	200
Info.json	http://dams.llgc.org.uk/iiif/2.0/image/4064324/info.json	200
Thumbnail	http://dams.llgc.org.uk/iiif/2.0/image/4064324/full/100,/0/native.jpg	200
Tile	http://dams.llgc.org.uk/iiif/2.0/image/4064324/0,0,100,100/100,/0/native.jpg	200
Info.json	http://dams.llgc.org.uk/iiif/2.0/image/4064325/info.json	200
Thumbnail	http://dams.llgc.org.uk/iiif/2.0/image/4064325/full/100,/0/native.jpg	200
Tile	http://dams.llgc.org.uk/iiif/2.0/image/4064325/0,0,100,100/100,/0/native.jpg	200
Info.json	http://dams.llgc.org.uk/iiif/2.0/image/4064326/info.json	200
Thumbnail	http://dams.llgc.org.uk/iiif/2.0/image/4064326/full/100,/0/native.jpg	200
Tile	http://dams.llgc.org.uk/iiif/2.0/image/4064326/0,0,100,100/100,/0/native.jpg	200
Info.json	http://dams.llgc.org.uk/iiif/2.0/image/4064327/info.json	200
Thumbnail	http://dams.llgc.org.uk/iiif/2.0/image/4064327/full/100,/0/native.jpg	200
Tile	http://dams.llgc.org.uk/iiif/2.0/image/4064327/0,0,100,100/100,/0/native.jpg	200
Info.json	http://dams.llgc.org.uk/iiif/2.0/image/4064328/info.json	200
Thumbnail	http://dams.llgc.org.uk/iiif/2.0/image/4064328/full/100,/0/native.jpg	200
Tile	http://dams.llgc.org.uk/iiif/2.0/image/4064328/0,0,100,100/100,/0/native.jpg	200
Info.json	http://dams.llgc.org.uk/iiif/2.0/image/4064329/info.json	200
Thumbnail	http://dams.llgc.org.uk/iiif/2.0/image/4064329/full/100,/0/native.jpg	200
Tile	http://dams.llgc.org.uk/iiif/2.0/image/4064329/0,0,100,100/100,/0/native.jpg	200
Info.json	http://dams.llgc.org.uk/iiif/2.0/image/4064330/info.json	200
Thumbnail	http://dams.llgc.org.uk/iiif/2.0/image/4064330/full/100,/0/native.jpg	200
Tile	http://dams.llgc.org.uk/iiif/2.0/image/4064330/0,0,100,100/100,/0/native.jpg	200
Info.json	http://dams.llgc.org.uk/iiif/2.0/image/4064331/info.json	200
Thumbnail	http://dams.llgc.org.uk/iiif/2.0/image/4064331/full/100,/0/native.jpg	200
Tile	http://dams.llgc.org.uk/iiif/2.0/image/4064331/0,0,100,100/100,/0/native.jpg	200
Info.json	http://dams.llgc.org.uk/iiif/2.0/image/4064332/info.json	200
Thumbnail	http://dams.llgc.org.uk/iiif/2.0/image/4064332/full/100,/0/native.jpg	200
Tile	http://dams.llgc.org.uk/iiif/2.0/image/4064332/0,0,100,100/100,/0/native.jpg	200
Info.json	http://dams.llgc.org.uk/iiif/2.0/image/4064333/info.json	200
Thumbnail	http://dams.llgc.org.uk/iiif/2.0/image/4064333/full/100,/0/native.jpg	200
Tile	http://dams.llgc.org.uk/iiif/2.0/image/4064333/0,0,100,100/100,/0/native.jpg	200
Info.json	http://dams.llgc.org.uk/iiif/2.0/image/4064334/info.json	200
Thumbnail	http://dams.llgc.org.uk/iiif/2.0/image/4064334/full/100,/0/native.jpg	200
Tile	http://dams.llgc.org.uk/iiif/2.0/image/4064334/0,0,100,100/100,/0/native.jpg	200
Info.json	http://dams.llgc.org.uk/iiif/2.0/image/4064335/info.json	200
Thumbnail	http://dams.llgc.org.uk/iiif/2.0/image/4064335/full/100,/0/native.jpg	200
Tile	http://dams.llgc.org.uk/iiif/2.0/image/4064335/0,0,100,100/100,/0/native.jpg	200
Info.json	http://dams.llgc.org.uk/iiif/2.0/image/4064336/info.json	200
Thumbnail	http://dams.llgc.org.uk/iiif/2.0/image/4064336/full/100,/0/native.jpg	200
Tile	http://dams.llgc.org.uk/iiif/2.0/image/4064336/0,0,100,100/100,/0/native.jpg	200
Info.json	http://dams.llgc.org.uk/iiif/2.0/image/4064337/info.json	200
